chain,layer,address,cosmos_address,denom,amount_micro,amount_phmn,tags,relation_notes,distribution_note
osmosis,current,osmo1hyjhy0tp6geral2g9vj9nyteglf8t5q4pqwre8,cosmos1hyjhy0tp6geral2g9vj9nyteglf8t5q4fman04,ibc/D3B574938631B0A1BA704879020C696E514CFADAA7643CDE4BD5EB010BDE327B,12661704217,12661.704217,core_team_liquidity_subdao_reroute,Core-team Osmosis PHMN; reroute 12661.704217 PHMN to Liquidity SubDAO in final distribution.,"core-team Osmosis balance; send this 12661.704217 PHMN to Liquidity SubDAO, not to the old Osmosis address"
osmosis,current,osmo1cxt79zavgr9qvqfx9hjsr9aqvpx7ftan0v2swg,cosmos1cxt79zavgr9qvqfx9hjsr9aqvpx7ftan8heqc6,ibc/D3B574938631B0A1BA704879020C696E514CFADAA7643CDE4BD5EB010BDE327B,4149965697,4149.965697,,,
osmosis,current,osmo14xgtkqjuesaghxzs0h7qxyeklswxlqfndwdgrz,cosmos14xgtkqjuesaghxzs0h7qxyeklswxlqfn947c4s,ibc/D3B574938631B0A1BA704879020C696E514CFADAA7643CDE4BD5EB010BDE327B,925282678,925.282678,,,
osmosis,current,osmo1akt7rxfhh9du8t2kj4mj2wvle8gkr3cx2r0vag,cosmos1akt7rxfhh9du8t2kj4mj2wvle8gkr3cxzcuut6,ibc/D3B574938631B0A1BA704879020C696E514CFADAA7643CDE4BD5EB010BDE327B,613164677,613.164677,,,
osmosis,current,osmo1g3vcmcc5yk97dlt8rt56rjvgn4trztppp2xlj0,cosmos1g3vcmcc5yk97dlt8rt56rjvgn4trztppf340ya,ibc/D3B574938631B0A1BA704879020C696E514CFADAA7643CDE4BD5EB010BDE327B,186433381,186.433381,,,
osmosis,current,osmo1tjr3f27v6lpj7jpnc82v8k44ujkmcfmmye7307,cosmos1tjr3f27v6lpj7jpnc82v8k44ujkmcfmmvzdpev,ibc/D3B574938631B0A1BA704879020C696E514CFADAA7643CDE4BD5EB010BDE327B,179092558,179.092558,,,
osmosis,current,osmo1kumn723qfn39czdhaupmn748gukhe3386yatgg,cosmos1kumn723qfn39czdhaupmn748gukhe338jlwm76,ibc/D3B574938631B0A1BA704879020C696E514CFADAA7643CDE4BD5EB010BDE327B,166124470,166.124470,,,
osmosis,current,osmo136fnpjpfsjcs2gvpsppgp3zcruuzn9kwxp7rf6,cosmos136fnpjpfsjcs2gvpsppgp3zcruuzn9kww6dnlg,ibc/D3B574938631B0A1BA704879020C696E514CFADAA7643CDE4BD5EB010BDE327B,163264526,163.264526,,,
osmosis,current,osmo1ylvzfp3gzvn57suka2a0dxtfdumntx8yh6ll66,cosmos1ylvzfp3gzvn57suka2a0dxtfdumntx8ylpv0vg,ibc/D3B574938631B0A1BA704879020C696E514CFADAA7643CDE4BD5EB010BDE327B,147280197,147.280197,,,
osmosis,current,osmo1slqv7yv45v4k3ccrvwv24u2scqn6hyrut7j5m69ygw3j66ayqnesxemawx,cosmos1slqv7yv45v4k3ccrvwv24u2scqn6hyrut7j5m69ygw3j66ayqnesnyr9eq,ibc/D3B574938631B0A1BA704879020C696E514CFADAA7643CDE4BD5EB010BDE327B,146084861,146.084861,,,
osmosis,current,osmo1ypxa63r79nl70yjfm0fl7dltq348a98724z7r4,cosmos1ypxa63r79nl70yjfm0fl7dltq348a987zw3w48,ibc/D3B574938631B0A1BA704879020C696E514CFADAA7643CDE4BD5EB010BDE327B,135815424,135.815424,,,
osmosis,current,osmo1zcr3ysxzsl8x7shqky0jxuv792dr8ld2t4dxku,cosmos1zcr3ysxzsl8x7shqky0jxuv792dr8ld2rw7kqw,ibc/D3B574938631B0A1BA704879020C696E514CFADAA7643CDE4BD5EB010BDE327B,130126771,130.126771,,,
osmosis,current,osmo12gdehwwv8eusdzwszpx2yt522cnun74ychvdpg,cosmos12gdehwwv8eusdzwszpx2yt522cnun74ysvlah6,ibc/D3B574938631B0A1BA704879020C696E514CFADAA7643CDE4BD5EB010BDE327B,123405521,123.405521,,,
osmosis,current,osmo1uvu6dw6vwqfm583zz64hqnfsjlslgejy6eyuh6,cosmos1uvu6dw6vwqfm583zz64hqnfsjlslgejyjzhvpg,ibc/D3B574938631B0A1BA704879020C696E514CFADAA7643CDE4BD5EB010BDE327B,81308451,81.308451,,,
osmosis,current,osmo1fv8af0ggq4fcr9flp0mau6350au22rj95jsxs8,cosmos1fv8af0ggq4fcr9flp0mau6350au22rj9ufrkx4,ibc/D3B574938631B0A1BA704879020C696E514CFADAA7643CDE4BD5EB010BDE327B,72672097,72.672097,,,
osmosis,current,osmo1yuv8ewefwta932auuu7xrnp7yqyjfhumkv8ht9,cosmos1yuv8ewefwta932auuu7xrnp7yqyjfhum7h58ah,ibc/D3B574938631B0A1BA704879020C696E514CFADAA7643CDE4BD5EB010BDE327B,71702482,71.702482,,,
osmosis,current,osmo1uplgauten46exm5693dflggdvvg9rpdat0u49a,cosmos1uplgauten46exm5693dflggdvvg9rpdar509n0,ibc/D3B574938631B0A1BA704879020C696E514CFADAA7643CDE4BD5EB010BDE327B,60064797,60.064797,,,
osmosis,current,osmo18xt39w2lw7q0u39z26hj0z6ft3k3cg3vufkdp0,cosmos18xt39w2lw7q0u39z26hj0z6ft3k3cg3v5j9aha,ibc/D3B574938631B0A1BA704879020C696E514CFADAA7643CDE4BD5EB010BDE327B,53205121,53.205121,,,
osmosis,current,osmo12tdulmvjmsmpaqrpshz0emu0h9sqz5x5vltjjv,cosmos12tdulmvjmsmpaqrpshz0emu0h9sqz5x5yyczy7,ibc/D3B574938631B0A1BA704879020C696E514CFADAA7643CDE4BD5EB010BDE327B,50000001,50.000001,,,
osmosis,current,osmo1x8hsndlmwzy68gu7h5646yw73l9wjhlfck6fq8,cosmos1x8hsndlmwzy68gu7h5646yw73l9wjhlfsdfek4,ibc/D3B574938631B0A1BA704879020C696E514CFADAA7643CDE4BD5EB010BDE327B,32910315,32.910315,,,
osmosis,current,osmo10vwfuv83he5pumzwajrfspar8yydclskrggwn2,cosmos10vwfuv83he5pumzwajrfspar8yydclsktnm79c,ibc/D3B574938631B0A1BA704879020C696E514CFADAA7643CDE4BD5EB010BDE327B,30000001,30.000001,,,
osmosis,current,osmo13c03ezdgaqatrge84phasn9hgz6q0gq22dh99m,cosmos13c03ezdgaqatrge84phasn9hgz6q0gq2zky4nf,ibc/D3B574938631B0A1BA704879020C696E514CFADAA7643CDE4BD5EB010BDE327B,22908685,22.908685,,,
osmosis,current,osmo1fje95rhe9te60pmvwqt436kf8my6ty6cz7ev2l,cosmos1fje95rhe9te60pmvwqt436kf8my6ty6c292uud,ibc/D3B574938631B0A1BA704879020C696E514CFADAA7643CDE4BD5EB010BDE327B,22617157,22.617157,,,
osmosis,current,osmo1yxyfrazgzana6zmgtk6m7z2ssw7q47s5jryted,cosmos1yxyfrazgzana6zmgtk6m7z2ssw7q47s56chm0l,ibc/D3B574938631B0A1BA704879020C696E514CFADAA7643CDE4BD5EB010BDE327B,21998542,21.998542,,,
osmosis,current,osmo1d58f52r5nhdytsudtkgnwy7yjtx74gvlwaskkl,cosmos1d58f52r5nhdytsudtkgnwy7yjtx74gvlxxrxqd,ibc/D3B574938631B0A1BA704879020C696E514CFADAA7643CDE4BD5EB010BDE327B,20000000,20.000000,,,
osmosis,current,osmo1p2da7jac0se3lwf4rf6uxf059ta4lk0xemvj79,cosmos1p2da7jac0se3lwf4rf6uxf059ta4lk0x3qlzgh,ibc/D3B574938631B0A1BA704879020C696E514CFADAA7643CDE4BD5EB010BDE327B,18990392,18.990392,,,
osmosis,current,osmo18s5jvhwgkrd8ujpvhyys2ec3e7lm0ct5w5aq4cpfgqrqupqnwynsx7zun7,cosmos18s5jvhwgkrd8ujpvhyys2ec3e7lm0ct5w5aq4cpfgqrqupqnwynsnr6yyc,ibc/D3B574938631B0A1BA704879020C696E514CFADAA7643CDE4BD5EB010BDE327B,17175892,17.175892,,,
osmosis,current,osmo126ndl0e4x4zwtpzv3ch8xetkml2uy4xs4w4up5,cosmos126ndl0e4x4zwtpzv3ch8xetkml2uy4xsa4xvhx,ibc/D3B574938631B0A1BA704879020C696E514CFADAA7643CDE4BD5EB010BDE327B,16527788,16.527788,,,
osmosis,current,osmo1j8dld6pnnsdz26ptdzj0ah2zxpzcdma7g5640mch09zlxf5axesqmhszw3,cosmos1j8dld6pnnsdz26ptdzj0ah2zxpzcdma7g5640mch09zlxf5axesqw2g6eh,ibc/D3B574938631B0A1BA704879020C696E514CFADAA7643CDE4BD5EB010BDE327B,15503032,15.503032,,,
osmosis,current,osmo1sragr7zqm2vkyvg35p9n5sly0k48q4k3epz08v,cosmos1sragr7zqm2vkyvg35p9n5sly0k48q4k3363l37,ibc/D3B574938631B0A1BA704879020C696E514CFADAA7643CDE4BD5EB010BDE327B,13263691,13.263691,,,
osmosis,current,osmo1545zve9lg3exhs3fnmws0tucspryekhd8ry6u7,cosmos1545zve9lg3exhs3fnmws0tucspryekhd0ch22v,ibc/D3B574938631B0A1BA704879020C696E514CFADAA7643CDE4BD5EB010BDE327B,13117520,13.117520,,,
osmosis,current,osmo16u4xsll7kwgs9w8z6zy86z3galv7le4ywv5qmm,cosmos16u4xsll7kwgs9w8z6zy86z3galv7le4yxh8sdf,ibc/D3B574938631B0A1BA704879020C696E514CFADAA7643CDE4BD5EB010BDE327B,12852151,12.852151,,,
osmosis,current,osmo1smfzt25ax563c0s2wgmcmt3g67d09t4mae9qh5,cosmos1smfzt25ax563c0s2wgmcmt3g67d09t4m4zkspx,ibc/D3B574938631B0A1BA704879020C696E514CFADAA7643CDE4BD5EB010BDE327B,11628567,11.628567,,,
osmosis,current,osmo1suvlzxf5057p5tlu9636ysy02t6v38e2tt42t0,cosmos1suvlzxf5057p5tlu9636ysy02t6v38e2rsx6aa,ibc/D3B574938631B0A1BA704879020C696E514CFADAA7643CDE4BD5EB010BDE327B,11492042,11.492042,,,
osmosis,current,osmo1rtsce8m32ah3fnp9lu5ut9mjkczd7wl6a3gd9t,cosmos1rtsce8m32ah3fnp9lu5ut9mjkczd7wl642mane,ibc/D3B574938631B0A1BA704879020C696E514CFADAA7643CDE4BD5EB010BDE327B,11415181,11.415181,,,
osmosis,current,osmo1yxp82qlay8768867clrg64kje9dyv4y6tveu52,cosmos1yxp82qlay8768867clrg64kje9dyv4y6rh2vzc,ibc/D3B574938631B0A1BA704879020C696E514CFADAA7643CDE4BD5EB010BDE327B,10868415,10.868415,,,
osmosis,current,osmo1mtarz7hmt5m0h7muks3pdnwfmwqps9nndrrq6xrz5rhdsl6s3cwssm4vv3,cosmos1mtarz7hmt5m0h7muks3pdnwfmwqps9nndrrq6xrz5rhdsl6s3cws9xd5mh,ibc/D3B574938631B0A1BA704879020C696E514CFADAA7643CDE4BD5EB010BDE327B,10729718,10.729718,,,
osmosis,current,osmo12hw7ms48ln4jawlehvhsl2j5e4gvaq8h3kyq6l,cosmos12hw7ms48ln4jawlehvhsl2j5e4gvaq8hedhsvd,ibc/D3B574938631B0A1BA704879020C696E514CFADAA7643CDE4BD5EB010BDE327B,9999000,9.999000,,,
osmosis,current,osmo1k7dn09008y3qqgxwd4xy0spvxgva32fapd6zdg,cosmos1k7dn09008y3qqgxwd4xy0spvxgva32fafkfjm6,ibc/D3B574938631B0A1BA704879020C696E514CFADAA7643CDE4BD5EB010BDE327B,9702930,9.702930,,,
osmosis,current,osmo1x8c9ztdgp48d2xcst5v3crd6x666xtykdrfsrautg8q6f9tcmglsjcuwrz,cosmos1x8c9ztdgp48d2xcst5v3crd6x666xtykdrfsrautg8q6f9tcmgls89yk5y,ibc/D3B574938631B0A1BA704879020C696E514CFADAA7643CDE4BD5EB010BDE327B,9238732,9.238732,,,
osmosis,current,osmo1k6sp0y0nv9pm538ewdah8tl2h9gc03c2vwn2yj,cosmos1k6sp0y0nv9pm538ewdah8tl2h9gc03c2y4q6jq,ibc/D3B574938631B0A1BA704879020C696E514CFADAA7643CDE4BD5EB010BDE327B,9000000,9.000000,,,
osmosis,current,osmo1l07lhprfe5jlhtpnk9hnrayvcc6ymuax6h988f,cosmos1l07lhprfe5jlhtpnk9hnrayvcc6ymuaxjvkh3m,ibc/D3B574938631B0A1BA704879020C696E514CFADAA7643CDE4BD5EB010BDE327B,8360478,8.360478,,,
osmosis,current,osmo1mpg8nc7ymz5n9puvnlp86ss2ytnc3ck6lpxhxj,cosmos1mpg8nc7ymz5n9puvnlp86ss2ytnc3ck6h648sq,ibc/D3B574938631B0A1BA704879020C696E514CFADAA7643CDE4BD5EB010BDE327B,8303374,8.303374,,,
osmosis,current,osmo1j5mzxyej2rk0v48exukax7tn2w9axq8jft4ng3,cosmos1j5mzxyej2rk0v48exukax7tn2w9axq8jpsxr7r,ibc/D3B574938631B0A1BA704879020C696E514CFADAA7643CDE4BD5EB010BDE327B,8117988,8.117988,,,
osmosis,current,osmo1ry3e3fvjn6e6276ym5kt8f0xr0padqtjmdghyj,cosmos1ry3e3fvjn6e6276ym5kt8f0xr0padqtjnkm8jq,ibc/D3B574938631B0A1BA704879020C696E514CFADAA7643CDE4BD5EB010BDE327B,6694258,6.694258,,,
osmosis,current,osmo1aemsuw2s6nh7m9ztqt4pyr42j5z23a9fmpaz8g,cosmos1aemsuw2s6nh7m9ztqt4pyr42j5z23a9fn6wj36,ibc/D3B574938631B0A1BA704879020C696E514CFADAA7643CDE4BD5EB010BDE327B,6228235,6.228235,,,
osmosis,current,osmo1r0vmpa00dr05ljmv8teftrvxk2z9hcsrur622a,cosmos1r0vmpa00dr05ljmv8teftrvxk2z9hcsr5cf6u0,ibc/D3B574938631B0A1BA704879020C696E514CFADAA7643CDE4BD5EB010BDE327B,5935548,5.935548,,,
osmosis,current,osmo1pg0lfu3t045qj76k59kfj24xvdv8d4g996k30s,cosmos1pg0lfu3t045qj76k59kfj24xvdv8d4g9dp9pez,ibc/D3B574938631B0A1BA704879020C696E514CFADAA7643CDE4BD5EB010BDE327B,5903150,5.903150,,,
osmosis,current,osmo1jtcmk7zjgv44rch9l6u7hzymg29tmfgp04mtc2,cosmos1jtcmk7zjgv44rch9l6u7hzymg29tmfgp8wgmwc,ibc/D3B574938631B0A1BA704879020C696E514CFADAA7643CDE4BD5EB010BDE327B,5713028,5.713028,,,
osmosis,current,osmo1psdm7lrc29hlzj5axv5tlrt8huj8lmghg7qefh,cosmos1psdm7lrc29hlzj5axv5tlrt8huj8lmghq9nfl9,ibc/D3B574938631B0A1BA704879020C696E514CFADAA7643CDE4BD5EB010BDE327B,5368329,5.368329,,,
osmosis,current,osmo1p6awzanhwks7nfrrv5z4lzqc2t6qze22eavnul,cosmos1p6awzanhwks7nfrrv5z4lzqc2t6qze223xlr2d,ibc/D3B574938631B0A1BA704879020C696E514CFADAA7643CDE4BD5EB010BDE327B,4250877,4.250877,,,
osmosis,current,osmo1u5qdea2ujm8ygprhhdqeyplfvs2djafehd7su0,cosmos1u5qdea2ujm8ygprhhdqeyplfvs2djafelkdq2a,ibc/D3B574938631B0A1BA704879020C696E514CFADAA7643CDE4BD5EB010BDE327B,3021925,3.021925,,,
osmosis,current,osmo1rd264dy5wh2kxk86558lvyxkdh9r2rrzulj406,cosmos1rd264dy5wh2kxk86558lvyxkdh9r2rrz5yp9eg,ibc/D3B574938631B0A1BA704879020C696E514CFADAA7643CDE4BD5EB010BDE327B,2866761,2.866761,,,
osmosis,current,osmo14lczcylvq5grjte5lx9vvpsnt3d2f0kpj3rnww,cosmos14lczcylvq5grjte5lx9vvpsnt3d2f0kp62srcu,ibc/D3B574938631B0A1BA704879020C696E514CFADAA7643CDE4BD5EB010BDE327B,2391906,2.391906,,,
osmosis,current,osmo1fnpqtvcydqyxsrdmx9vtxus5znwy4tf4t9llvp,cosmos1fnpqtvcydqyxsrdmx9vtxus5znwy4tf4r7v06n,ibc/D3B574938631B0A1BA704879020C696E514CFADAA7643CDE4BD5EB010BDE327B,2211531,2.211531,,,
osmosis,current,osmo14e7m8uldm6wl0myhd6dhlqcmw7x6xvstdggk5e,cosmos14e7m8uldm6wl0myhd6dhlqcmw7x6xvst9nmxzt,ibc/D3B574938631B0A1BA704879020C696E514CFADAA7643CDE4BD5EB010BDE327B,2001904,2.001904,,,
osmosis,current,osmo13uhl4tp3flplqpfnwjhz45req2wj2fjza2hlz7,cosmos13uhl4tp3flplqpfnwjhz45req2wj2fjz43y05v,ibc/D3B574938631B0A1BA704879020C696E514CFADAA7643CDE4BD5EB010BDE327B,1681248,1.681248,,,
osmosis,current,osmo165s3zw3vaytnjvfv390f9f876u79zv49f3h5r8,cosmos165s3zw3vaytnjvfv390f9f876u79zv49p2yy44,ibc/D3B574938631B0A1BA704879020C696E514CFADAA7643CDE4BD5EB010BDE327B,1566430,1.566430,,,
osmosis,current,osmo1e5xda46mfxqf0rr23zflaay05urhnddrjq3gvt,cosmos1e5xda46mfxqf0rr23zflaay05urhnddr6mzc6e,ibc/D3B574938631B0A1BA704879020C696E514CFADAA7643CDE4BD5EB010BDE327B,1422673,1.422673,,,
osmosis,current,osmo1tht7kzgpc3yg7h5h2l5rq0gc4jp7kkwe230a5w,cosmos1tht7kzgpc3yg7h5h2l5rq0gc4jp7kkwez2udzu,ibc/D3B574938631B0A1BA704879020C696E514CFADAA7643CDE4BD5EB010BDE327B,1112565,1.112565,,,
osmosis,current,osmo1p0hd52r6zr50thszvajv9qndjhn35m7845lcw3,cosmos1p0hd52r6zr50thszvajv9qndjhn35m78a0vgcr,ibc/D3B574938631B0A1BA704879020C696E514CFADAA7643CDE4BD5EB010BDE327B,1103052,1.103052,,,
osmosis,current,osmo1tq0av67xpwrhwtkppmhd2qwjzphwu0nhle98yj,cosmos1tq0av67xpwrhwtkppmhd2qwjzphwu0nhhzkhjq,ibc/D3B574938631B0A1BA704879020C696E514CFADAA7643CDE4BD5EB010BDE327B,1075833,1.075833,,,
osmosis,current,osmo1rj9p4kvhu04kw3fh4lrem87xqtyfnqunr3c3fm,cosmos1rj9p4kvhu04kw3fh4lrem87xqtyfnqunt2tplf,ibc/D3B574938631B0A1BA704879020C696E514CFADAA7643CDE4BD5EB010BDE327B,1061893,1.061893,,,
osmosis,current,osmo13gccl8hlxpkwsp2gc57q3kr9jhr8hz6d5mwu6t,cosmos13gccl8hlxpkwsp2gc57q3kr9jhr8hz6duqavve,ibc/D3B574938631B0A1BA704879020C696E514CFADAA7643CDE4BD5EB010BDE327B,1011113,1.011113,,,
osmosis,current,osmo1ctm2zahr5k62akhe3fvc7ya7mzwutjcp6feaz5,cosmos1ctm2zahr5k62akhe3fvc7ya7mzwutjcpjj2d5x,ibc/D3B574938631B0A1BA704879020C696E514CFADAA7643CDE4BD5EB010BDE327B,984387,0.984387,,,
osmosis,current,osmo1k67mnu27xfsdnzzh8rsh078qvstsdu0cfwzp0z,cosmos1k67mnu27xfsdnzzh8rsh078qvstsdu0cp433es,ibc/D3B574938631B0A1BA704879020C696E514CFADAA7643CDE4BD5EB010BDE327B,904878,0.904878,,,
osmosis,current,osmo1gu09e83rvrnuqa8jzc6amwemkv6rzvapa03rns,cosmos1gu09e83rvrnuqa8jzc6amwemkv6rzvap45zn9z,ibc/D3B574938631B0A1BA704879020C696E514CFADAA7643CDE4BD5EB010BDE327B,784727,0.784727,,,
osmosis,current,osmo15p6l77la6y9thhwydfesp3fue2xavhy02pfd4y,cosmos15p6l77la6y9thhwydfesp3fue2xavhy0z66ark,ibc/D3B574938631B0A1BA704879020C696E514CFADAA7643CDE4BD5EB010BDE327B,500000,0.500000,,,
osmosis,current,osmo1uf085y7mpup6hl5cactwgnt5dfuysh5z63h42g,cosmos1uf085y7mpup6hl5cactwgnt5dfuysh5zj2y9u6,ibc/D3B574938631B0A1BA704879020C696E514CFADAA7643CDE4BD5EB010BDE327B,415313,0.415313,,,
osmosis,current,osmo1u5jjyu0eeggqh030tdh2gtgdyexgfp5j3afqhp2a46r7uly7pxes884ayz,cosmos1u5jjyu0eeggqh030tdh2gtgdyexgfp5j3afqhp2a46r7uly7pxesj6d9ny,ibc/D3B574938631B0A1BA704879020C696E514CFADAA7643CDE4BD5EB010BDE327B,387488,0.387488,,,
osmosis,current,osmo17pu7k63mp8e4ey6vr0js6qp9r8zhmdccukdc4nsvpyrfhgqg7nwq3ey9gz,cosmos17pu7k63mp8e4ey6vr0js6qp9r8zhmdccukdc4nsvpyrfhgqg7nwqyyualy,ibc/D3B574938631B0A1BA704879020C696E514CFADAA7643CDE4BD5EB010BDE327B,383684,0.383684,,,
osmosis,current,osmo17ee2c64p9ngtxhkr4mp64znp5llh9323sxlm79,cosmos17ee2c64p9ngtxhkr4mp64znp5llh9323cavtgh,ibc/D3B574938631B0A1BA704879020C696E514CFADAA7643CDE4BD5EB010BDE327B,375075,0.375075,,,
osmosis,current,osmo1084mt22axehm0fvesznxa8p5llwfzx6hqyaucx6p6qr3f3xfr8qs4vyy2n,cosmos1084mt22axehm0fvesznxa8p5llwfzx6hqyaucx6p6qr3f3xfr8qsq3uua4,ibc/D3B574938631B0A1BA704879020C696E514CFADAA7643CDE4BD5EB010BDE327B,339809,0.339809,,,
osmosis,current,osmo1hjdjjt3lh8hqvh3vhmum20evqwm674eyuns22z,cosmos1hjdjjt3lh8hqvh3vhmum20evqwm674ey5gr6us,ibc/D3B574938631B0A1BA704879020C696E514CFADAA7643CDE4BD5EB010BDE327B,302800,0.302800,,,
osmosis,current,osmo1e6vxhuk873kukpcsd2pq6kacyvd8v5d23pp90v,cosmos1e6vxhuk873kukpcsd2pq6kacyvd8v5d2e6j4e7,ibc/D3B574938631B0A1BA704879020C696E514CFADAA7643CDE4BD5EB010BDE327B,286002,0.286002,,,
osmosis,current,osmo1t78ku3rpj4c4t85aqa5nxd3z3lva3trpey74j4,cosmos1t78ku3rpj4c4t85aqa5nxd3z3lva3trp3ld9y8,ibc/D3B574938631B0A1BA704879020C696E514CFADAA7643CDE4BD5EB010BDE327B,277005,0.277005,,,
osmosis,current,osmo1v4xjvmka36peq6lp2vahxax96540nek5er654j,cosmos1v4xjvmka36peq6lp2vahxax96540nek53cfyrq,ibc/D3B574938631B0A1BA704879020C696E514CFADAA7643CDE4BD5EB010BDE327B,273222,0.273222,,,
osmosis,current,osmo1gwfkf8lgup4sqp958aqsnq4zk77glwefs5m8j8,cosmos1gwfkf8lgup4sqp958aqsnq4zk77glwefc0ghy4,ibc/D3B574938631B0A1BA704879020C696E514CFADAA7643CDE4BD5EB010BDE327B,272581,0.272581,,,
osmosis,current,osmo14gf6xslwe9phn2z965t4dcu7vchhthfgv2lhyy,cosmos14gf6xslwe9phn2z965t4dcu7vchhthfgy3v8jk,ibc/D3B574938631B0A1BA704879020C696E514CFADAA7643CDE4BD5EB010BDE327B,266411,0.266411,,,
osmosis,current,osmo1049824wp447ggjm8qq9xrh92aqdjxjxm7d9ch9,cosmos1049824wp447ggjm8qq9xrh92aqdjxjxmkkkgph,ibc/D3B574938631B0A1BA704879020C696E514CFADAA7643CDE4BD5EB010BDE327B,252777,0.252777,,,
osmosis,current,osmo1dn5dnfgrn3epr4j7q5z02qv3p4ja907ee55elq,cosmos1dn5dnfgrn3epr4j7q5z02qv3p4ja907e308ffj,ibc/D3B574938631B0A1BA704879020C696E514CFADAA7643CDE4BD5EB010BDE327B,217723,0.217723,,,
osmosis,current,osmo1vwykn7qqrl0wwshwz8rwrw5jvt7m8wnr79sqdf,cosmos1vwykn7qqrl0wwshwz8rwrw5jvt7m8wnrk7rsmm,ibc/D3B574938631B0A1BA704879020C696E514CFADAA7643CDE4BD5EB010BDE327B,203861,0.203861,,,
osmosis,current,osmo15c5jfeasfuxup4k5akged2l6wehy9dqfvsygky,cosmos15c5jfeasfuxup4k5akged2l6wehy9dqfythcqk,ibc/D3B574938631B0A1BA704879020C696E514CFADAA7643CDE4BD5EB010BDE327B,167910,0.167910,,,
osmosis,current,osmo1atwu4804qf8282rhhw79666n56ykgeu82wv78f,cosmos1atwu4804qf8282rhhw79666n56ykgeu8z4lw3m,ibc/D3B574938631B0A1BA704879020C696E514CFADAA7643CDE4BD5EB010BDE327B,161980,0.161980,,,
osmosis,current,osmo1499z0lhwu98pkat5w333dmd6ceuplc3c3x4gpt,cosmos1499z0lhwu98pkat5w333dmd6ceuplc3ceaxche,ibc/D3B574938631B0A1BA704879020C696E514CFADAA7643CDE4BD5EB010BDE327B,146335,0.146335,,,
osmosis,current,osmo1yk8dsn62an3p8c67a047qv9lvqa7crpaxd8xr7,cosmos1yk8dsn62an3p8c67a047qv9lvqa7crpawk5k4v,ibc/D3B574938631B0A1BA704879020C696E514CFADAA7643CDE4BD5EB010BDE327B,126103,0.126103,,,
osmosis,current,osmo15tw0qy5sspq2sgef77vhhykhtphlrv577cy44q,cosmos15tw0qy5sspq2sgef77vhhykhtphlrv57krh9rj,ibc/D3B574938631B0A1BA704879020C696E514CFADAA7643CDE4BD5EB010BDE327B,120504,0.120504,,,
osmosis,current,osmo18rh6ug3cuayhdtvxp3p8t38kky4qcrk7mkyr6r,cosmos18rh6ug3cuayhdtvxp3p8t38kky4qcrk7ndhnv3,ibc/D3B574938631B0A1BA704879020C696E514CFADAA7643CDE4BD5EB010BDE327B,113099,0.113099,,,
osmosis,current,osmo1ktf7p0z35w094sm2gv772aptzg54ucdj7aq6vm,cosmos1ktf7p0z35w094sm2gv772aptzg54ucdjkxn26f,ibc/D3B574938631B0A1BA704879020C696E514CFADAA7643CDE4BD5EB010BDE327B,106714,0.106714,,,
osmosis,current,osmo1fvaefmvp7eed8qc3utsjgk9nwgd0kx9nay87yx,cosmos1fvaefmvp7eed8qc3utsjgk9nwgd0kx9n4l5wj5,ibc/D3B574938631B0A1BA704879020C696E514CFADAA7643CDE4BD5EB010BDE327B,106098,0.106098,,,
osmosis,current,osmo17nun6cg7a5xtu9fz2p8scxr7u9jmrf5vy0swp7,cosmos17nun6cg7a5xtu9fz2p8scxr7u9jmrf5vv5r7hv,ibc/D3B574938631B0A1BA704879020C696E514CFADAA7643CDE4BD5EB010BDE327B,103040,0.103040,,,
osmosis,current,osmo1uj85l9uar80s342nw5uqjrnvm3zlzsd06ddwgy,cosmos1uj85l9uar80s342nw5uqjrnvm3zlzsd0jk777k,ibc/D3B574938631B0A1BA704879020C696E514CFADAA7643CDE4BD5EB010BDE327B,100000,0.100000,,,
osmosis,current,osmo1mfg3m5ht0xs4rtklsy9f4gaxzl03ng9wxhlvad8576cf2x3yt4ks23gg6k,cosmos1mfg3m5ht0xs4rtklsy9f4gaxzl03ng9wxhlvad8576cf2x3yt4kslvssds,ibc/D3B574938631B0A1BA704879020C696E514CFADAA7643CDE4BD5EB010BDE327B,97328,0.097328,,,
osmosis,current,osmo1g4ha4smthentehed75zzngyavm3nu94mcrgyw3,cosmos1g4ha4smthentehed75zzngyavm3nu94mscm5cr,ibc/D3B574938631B0A1BA704879020C696E514CFADAA7643CDE4BD5EB010BDE327B,81975,0.081975,,,
osmosis,current,osmo1x4sp6agr8dj2s3c3pnh3zwwqysgheprtyzuewn,cosmos1x4sp6agr8dj2s3c3pnh3zwwqysgheprtve0fcp,ibc/D3B574938631B0A1BA704879020C696E514CFADAA7643CDE4BD5EB010BDE327B,76619,0.076619,,,
osmosis,current,osmo10e85vwxj4enr7x3yj2adl8hwh6ec2q46ukawh390lsdvlehygz2s6yhu48,cosmos10e85vwxj4enr7x3yj2adl8hwh6ec2q46ukawh390lsdvlehygz2s0e0yzp,ibc/D3B574938631B0A1BA704879020C696E514CFADAA7643CDE4BD5EB010BDE327B,63460,0.063460,,,
osmosis,current,osmo1frwewwrswegyuxsz800zeaqesq5k678xl0c69t,cosmos1frwewwrswegyuxsz800zeaqesq5k678xh5t2ne,ibc/D3B574938631B0A1BA704879020C696E514CFADAA7643CDE4BD5EB010BDE327B,63093,0.063093,,,
osmosis,current,osmo1ppw4g9zpk2e92et7p6j5ack2qzmh8mc47a82wm,cosmos1ppw4g9zpk2e92et7p6j5ack2qzmh8mc4kx56cf,ibc/D3B574938631B0A1BA704879020C696E514CFADAA7643CDE4BD5EB010BDE327B,62703,0.062703,,,
osmosis,current,osmo19vwgtjz3dspgaymqj24nkq7kk8ltrdfk42zx9m,cosmos19vwgtjz3dspgaymqj24nkq7kk8ltrdfka33knf,ibc/D3B574938631B0A1BA704879020C696E514CFADAA7643CDE4BD5EB010BDE327B,62678,0.062678,,,
osmosis,current,osmo10mmmz8rf4vcg3ns5nqv072fd7zjnmc6u62k5h7,cosmos10mmmz8rf4vcg3ns5nqv072fd7zjnmc6uj39ypv,ibc/D3B574938631B0A1BA704879020C696E514CFADAA7643CDE4BD5EB010BDE327B,55825,0.055825,,,
osmosis,current,osmo1vhver583m9gg8xzg8787cr64qw585ystvkagwz,cosmos1vhver583m9gg8xzg8787cr64qw585ystydwccs,ibc/D3B574938631B0A1BA704879020C696E514CFADAA7643CDE4BD5EB010BDE327B,54911,0.054911,,,
osmosis,current,osmo1y5kflvms303ausemce2h3t2gkztvdfvwec60za,cosmos1y5kflvms303ausemce2h3t2gkztvdfvw3rfl50,ibc/D3B574938631B0A1BA704879020C696E514CFADAA7643CDE4BD5EB010BDE327B,50000,0.050000,,,
osmosis,current,osmo1clpqr4nrk4khgkxj78fcwwh6dl3uw4epasmvnj,cosmos1clpqr4nrk4khgkxj78fcwwh6dl3uw4ep4tgu9q,ibc/D3B574938631B0A1BA704879020C696E514CFADAA7643CDE4BD5EB010BDE327B,49594,0.049594,,,
osmosis,current,osmo1cxlj7qzd7zel7gjdxuqjrdh6mea7qqjt2ahnsk,cosmos1cxlj7qzd7zel7gjdxuqjrdh6mea7qqjtzxyrxy,ibc/D3B574938631B0A1BA704879020C696E514CFADAA7643CDE4BD5EB010BDE327B,48806,0.048806,,,
osmosis,current,osmo1fj8d32l98legw3l23ag5gl6ulc64akfr2fq32m,cosmos1fj8d32l98legw3l23ag5gl6ulc64akfrzjnpuf,ibc/D3B574938631B0A1BA704879020C696E514CFADAA7643CDE4BD5EB010BDE327B,44665,0.044665,,,
osmosis,current,osmo16d5keuyzhm40ffp5e0shspvu0z3psmm6zf59tp,cosmos16d5keuyzhm40ffp5e0shspvu0z3psmm62j84an,ibc/D3B574938631B0A1BA704879020C696E514CFADAA7643CDE4BD5EB010BDE327B,44299,0.044299,,,
osmosis,current,osmo1kw6mw70wafdxgp2n8s4lscx04du8ka6d4da67m,cosmos1kw6mw70wafdxgp2n8s4lscx04du8ka6dakw2gf,ibc/D3B574938631B0A1BA704879020C696E514CFADAA7643CDE4BD5EB010BDE327B,42601,0.042601,,,
osmosis,current,osmo188ykngjxrwqq7e5lg0upzln2erxe8fehz0vr60,cosmos188ykngjxrwqq7e5lg0upzln2erxe8feh25lnva,ibc/D3B574938631B0A1BA704879020C696E514CFADAA7643CDE4BD5EB010BDE327B,32838,0.032838,,,
osmosis,current,osmo17m285e3muw8d4p30utcmplha7dtd8mxnh5nayn,cosmos17m285e3muw8d4p30utcmplha7dtd8mxnl0qdjp,ibc/D3B574938631B0A1BA704879020C696E514CFADAA7643CDE4BD5EB010BDE327B,32766,0.032766,,,
osmosis,current,osmo17gktyn3nmuzmh0n5fjmkkrcqyh55y4d7xdpydq,cosmos17gktyn3nmuzmh0n5fjmkkrcqyh55y4d7wkj5mj,ibc/D3B574938631B0A1BA704879020C696E514CFADAA7643CDE4BD5EB010BDE327B,30636,0.030636,,,
osmosis,current,osmo1eh50jml00xqxz27x6sh80ycgkvsjfq2mj8mtgs,cosmos1eh50jml00xqxz27x6sh80ycgkvsjfq2m6ugm7z,ibc/D3B574938631B0A1BA704879020C696E514CFADAA7643CDE4BD5EB010BDE327B,30113,0.030113,,,
osmosis,current,osmo1ka85hfwgcqvfpktp3pra5jqmte5atqzhgepn8a,cosmos1ka85hfwgcqvfpktp3pra5jqmte5atqzhqzjr30,ibc/D3B574938631B0A1BA704879020C696E514CFADAA7643CDE4BD5EB010BDE327B,29136,0.029136,,,
osmosis,current,osmo1yxhwgqaezqqqnfx6djukd8cl3awq5angg5nyrm,cosmos1yxhwgqaezqqqnfx6djukd8cl3awq5angq0q54f,ibc/D3B574938631B0A1BA704879020C696E514CFADAA7643CDE4BD5EB010BDE327B,28841,0.028841,,,
osmosis,current,osmo17qdmjdumw4xawam4g46gtwzle5rd4zwyfqvvza,cosmos17qdmjdumw4xawam4g46gtwzle5rd4zwypmlu50,ibc/D3B574938631B0A1BA704879020C696E514CFADAA7643CDE4BD5EB010BDE327B,28350,0.028350,,,
osmosis,current,osmo1w4esnggj64svgq7vv48e6jda7a37zw0tdxa7kt,cosmos1w4esnggj64svgq7vv48e6jda7a37zw0t9awwqe,ibc/D3B574938631B0A1BA704879020C696E514CFADAA7643CDE4BD5EB010BDE327B,25498,0.025498,,,
osmosis,current,osmo1w0wejeg34ag5w686dre69l06x0y8796zvmz4yg,cosmos1w0wejeg34ag5w686dre69l06x0y8796zyq39j6,ibc/D3B574938631B0A1BA704879020C696E514CFADAA7643CDE4BD5EB010BDE327B,23715,0.023715,,,
osmosis,current,osmo1vwrruj48vk8q49a7g8z08284wlvm9s6el6c7ej,cosmos1vwrruj48vk8q49a7g8z08284wlvm9s6ehptw0q,ibc/D3B574938631B0A1BA704879020C696E514CFADAA7643CDE4BD5EB010BDE327B,23514,0.023514,,,
osmosis,current,osmo125l6y0jljdfjgslpyzprr79d8fmxae458sa7ww,cosmos125l6y0jljdfjgslpyzprr79d8fmxae450twwcu,ibc/D3B574938631B0A1BA704879020C696E514CFADAA7643CDE4BD5EB010BDE327B,22033,0.022033,,,
osmosis,current,osmo1r5dv24amcyvdxfcjjrw7m5ts324cavyufjl4g2,cosmos1r5dv24amcyvdxfcjjrw7m5ts324cavyupfv97c,ibc/D3B574938631B0A1BA704879020C696E514CFADAA7643CDE4BD5EB010BDE327B,21506,0.021506,,,
osmosis,current,osmo1m2hfx6kgryfq628a0gmpm6fp73cgsplkpjs4ry,cosmos1m2hfx6kgryfq628a0gmpm6fp73cgsplkffr94k,ibc/D3B574938631B0A1BA704879020C696E514CFADAA7643CDE4BD5EB010BDE327B,21206,0.021206,,,
osmosis,current,osmo1nra90utxlzgtdwft5w2d7pczlhl5gljdkx0a3d,cosmos1nra90utxlzgtdwft5w2d7pczlhl5gljd7aud8l,ibc/D3B574938631B0A1BA704879020C696E514CFADAA7643CDE4BD5EB010BDE327B,19907,0.019907,,,
osmosis,current,osmo1whxvftr26qhtmph7jwqlyphq6urdm9ec54nfwkv5h48kdw6zj52q63egv9,cosmos1whxvftr26qhtmph7jwqlyphq6urdm9ec54nfwkv5h48kdw6zj52q0vpsmr,ibc/D3B574938631B0A1BA704879020C696E514CFADAA7643CDE4BD5EB010BDE327B,19829,0.019829,,,
osmosis,current,osmo1p9q6p4zmdlz74vglnf20q3arf8lpxf8czhmtkz,cosmos1p9q6p4zmdlz74vglnf20q3arf8lpxf8c2vgmqs,ibc/D3B574938631B0A1BA704879020C696E514CFADAA7643CDE4BD5EB010BDE327B,19582,0.019582,,,
osmosis,current,osmo18q4a3ks98rstc4jp603jykjya9zxges3qlmn6ktnls5337taeahsdpss22,cosmos18q4a3ks98rstc4jp603jykjya9zxges3qlmn6ktnls5337taeahscuggav,ibc/D3B574938631B0A1BA704879020C696E514CFADAA7643CDE4BD5EB010BDE327B,18781,0.018781,,,
osmosis,current,osmo1c3j4wczg69tg7zm6d0qfjeajrl36f7mtn76yjq,cosmos1c3j4wczg69tg7zm6d0qfjeajrl36f7mtm9f5yj,ibc/D3B574938631B0A1BA704879020C696E514CFADAA7643CDE4BD5EB010BDE327B,13857,0.013857,,,
osmosis,current,osmo1je0qqgy7nfqu8f6wvh8s6nyx59m84cfqmwqxvc,cosmos1je0qqgy7nfqu8f6wvh8s6nyx59m84cfqn4nk62,ibc/D3B574938631B0A1BA704879020C696E514CFADAA7643CDE4BD5EB010BDE327B,12565,0.012565,,,
osmosis,current,osmo1fpnqmk2dcfhmujuutyy2smy2zam3txjjuv79lp,cosmos1fpnqmk2dcfhmujuutyy2smy2zam3txjj5hd4fn,ibc/D3B574938631B0A1BA704879020C696E514CFADAA7643CDE4BD5EB010BDE327B,12353,0.012353,,,
osmosis,current,osmo1nqtsw6tx3wzssypd6t33sqldgudqcu00u4t2vymn5kdw82n5mc8susdu4e,cosmos1nqtsw6tx3wzssypd6t33sqldgudqcu00u4t2vymn5kdw82n5mc8sfd4yzl,ibc/D3B574938631B0A1BA704879020C696E514CFADAA7643CDE4BD5EB010BDE327B,11203,0.011203,,,
osmosis,current,osmo15pz9araxpvf7p0uaryeeee00k6a5fc76v5lrle,cosmos15pz9araxpvf7p0uaryeeee00k6a5fc76y0vnft,ibc/D3B574938631B0A1BA704879020C696E514CFADAA7643CDE4BD5EB010BDE327B,11182,0.011182,,,
osmosis,current,osmo1l8adtfu6ajfz4la4vqphrksu87rcgp37jv47tl,cosmos1l8adtfu6ajfz4la4vqphrksu87rcgp376hxwad,ibc/D3B574938631B0A1BA704879020C696E514CFADAA7643CDE4BD5EB010BDE327B,11002,0.011002,,,
osmosis,current,osmo1lfkp5zdd7us6dvpfavn6kckgegu9czkx7cf5mt,cosmos1lfkp5zdd7us6dvpfavn6kckgegu9czkxkr6yde,ibc/D3B574938631B0A1BA704879020C696E514CFADAA7643CDE4BD5EB010BDE327B,10440,0.010440,,,
osmosis,current,osmo10593j9pkjt7qwwax5r46dh3y76u0f7marxv40j,cosmos10593j9pkjt7qwwax5r46dh3y76u0f7matal9eq,ibc/D3B574938631B0A1BA704879020C696E514CFADAA7643CDE4BD5EB010BDE327B,9748,0.009748,,,
osmosis,current,osmo1s2xvm5d6kv2mhnwuc4d3xpunqjq2leh970ve8j,cosmos1s2xvm5d6kv2mhnwuc4d3xpunqjq2leh9k5lf3q,ibc/D3B574938631B0A1BA704879020C696E514CFADAA7643CDE4BD5EB010BDE327B,8400,0.008400,,,
osmosis,current,osmo1zzy62qxkaxwag6knaxwsmhjpa4ak9cn3nux9xg,cosmos1zzy62qxkaxwag6knaxwsmhjpa4ak9cn3m844s6,ibc/D3B574938631B0A1BA704879020C696E514CFADAA7643CDE4BD5EB010BDE327B,7532,0.007532,,,
osmosis,current,osmo1rfz5wceejv405g8v8j203j8wgw5f7dnnsnlwl3,cosmos1rfz5wceejv405g8v8j203j8wgw5f7dnncgv7fr,ibc/D3B574938631B0A1BA704879020C696E514CFADAA7643CDE4BD5EB010BDE327B,7327,0.007327,,,
osmosis,current,osmo1qzqvyfgete4dep9p8nj2anf8hjagx5ww02jdur,cosmos1qzqvyfgete4dep9p8nj2anf8hjagx5ww83pa23,ibc/D3B574938631B0A1BA704879020C696E514CFADAA7643CDE4BD5EB010BDE327B,7142,0.007142,,,
osmosis,current,osmo1kr4v5jyhpddpdyvz7ajflw5jp47uj3jmx03mdu,cosmos1kr4v5jyhpddpdyvz7ajflw5jp47uj3jmw5ztmw,ibc/D3B574938631B0A1BA704879020C696E514CFADAA7643CDE4BD5EB010BDE327B,6925,0.006925,,,
osmosis,current,osmo1hgf9x48wywk6jf7zrq4n7fsyj6nkhqnpphl9p5,cosmos1hgf9x48wywk6jf7zrq4n7fsyj6nkhqnpfvv4hx,ibc/D3B574938631B0A1BA704879020C696E514CFADAA7643CDE4BD5EB010BDE327B,6538,0.006538,,,
osmosis,current,osmo14px5p7lrtwmqymtkn0kzd5ypcel4pynx8g43jy,cosmos14px5p7lrtwmqymtkn0kzd5ypcel4pynx0nxpyk,ibc/D3B574938631B0A1BA704879020C696E514CFADAA7643CDE4BD5EB010BDE327B,5995,0.005995,,,
osmosis,current,osmo1an93jqh8uayn590lyl6wzjs9qn7up0lw2vnz3g,cosmos1an93jqh8uayn590lyl6wzjs9qn7up0lwzhqj86,ibc/D3B574938631B0A1BA704879020C696E514CFADAA7643CDE4BD5EB010BDE327B,5446,0.005446,,,
osmosis,current,osmo1tyeg3r6m3fm34q9pytx6qecd2eua0nhee4gyh8,cosmos1tyeg3r6m3fm34q9pytx6qecd2eua0nhe3wm5p4,ibc/D3B574938631B0A1BA704879020C696E514CFADAA7643CDE4BD5EB010BDE327B,5329,0.005329,,,
osmosis,current,osmo1qfen22dta3qmlvusq2jkryyhkffap7tkcd2ukx,cosmos1qfen22dta3qmlvusq2jkryyhkffap7tkskevq5,ibc/D3B574938631B0A1BA704879020C696E514CFADAA7643CDE4BD5EB010BDE327B,5189,0.005189,,,
osmosis,current,osmo13wpfmuj08aqer8rqu5dyakxhyl8d8ky2y096jg,cosmos13wpfmuj08aqer8rqu5dyakxhyl8d8ky2v5k2y6,ibc/D3B574938631B0A1BA704879020C696E514CFADAA7643CDE4BD5EB010BDE327B,4831,0.004831,,,
osmosis,current,osmo1423lrkcyufus67w7j79hyjfjr0hd35kxqrdatp,cosmos1423lrkcyufus67w7j79hyjfjr0hd35kxgc7dan,ibc/D3B574938631B0A1BA704879020C696E514CFADAA7643CDE4BD5EB010BDE327B,4222,0.004222,,,
osmosis,current,osmo1ceaqazt45l0wrdsuq3vlxuwkmqlar7vtgqdplkpwtmr6rzrk9rwsltpwys,cosmos1ceaqazt45l0wrdsuq3vlxuwkmqlar7vtgqdplkpwtmr6rzrk9rws2keknk,ibc/D3B574938631B0A1BA704879020C696E514CFADAA7643CDE4BD5EB010BDE327B,3735,0.003735,,,
osmosis,current,osmo1znjnvmhw7arp60p6vfggae40xhuu0a4lp8pdl5,cosmos1znjnvmhw7arp60p6vfggae40xhuu0a4lfujafx,ibc/D3B574938631B0A1BA704879020C696E514CFADAA7643CDE4BD5EB010BDE327B,3641,0.003641,,,
osmosis,current,osmo1gz3za2gwfk8dxtej4suf2yhza6e3km52kj3l3nrynulekg5emzqs6qry4m,cosmos1gz3za2gwfk8dxtej4suf2yhza6e3km52kj3l3nrynulekg5emzqs0amuza,ibc/D3B574938631B0A1BA704879020C696E514CFADAA7643CDE4BD5EB010BDE327B,2647,0.002647,,,
osmosis,current,osmo1gjx46yqqwkvwh3rc8gv3j80hg496ejs9werz8v,cosmos1gjx46yqqwkvwh3rc8gv3j80hg496ejs9xzsj37,ibc/D3B574938631B0A1BA704879020C696E514CFADAA7643CDE4BD5EB010BDE327B,2493,0.002493,,,
osmosis,current,osmo1x6q35vzs4t2tqj5rre5d5teu6hl3cdqens7x0s,cosmos1x6q35vzs4t2tqj5rre5d5teu6hl3cdqemtdkez,ibc/D3B574938631B0A1BA704879020C696E514CFADAA7643CDE4BD5EB010BDE327B,2147,0.002147,,,
osmosis,current,osmo16en9ateq5565c4n26ed0wykmnqhd0thpcvcn4t,cosmos16en9ateq5565c4n26ed0wykmnqhd0thpshtrre,ibc/D3B574938631B0A1BA704879020C696E514CFADAA7643CDE4BD5EB010BDE327B,1864,0.001864,,,
osmosis,current,osmo1g4cwx66q9su8rq9e7lntj7ny8y3764c8e759es,cosmos1g4cwx66q9su8rq9e7lntj7ny8y3764c839840z,ibc/D3B574938631B0A1BA704879020C696E514CFADAA7643CDE4BD5EB010BDE327B,1155,0.001155,,,
osmosis,current,osmo1w347x0f95ecpm4mtutknaxx7k83z8mayc2rfyc,cosmos1w347x0f95ecpm4mtutknaxx7k83z8mays3sej2,ibc/D3B574938631B0A1BA704879020C696E514CFADAA7643CDE4BD5EB010BDE327B,631,0.000631,,,
osmosis,current,osmo1ws268687q2xhu4gqwgwqhnwpthyt4td9rpurm4,cosmos1ws268687q2xhu4gqwgwqhnwpthyt4td9t60nd8,ibc/D3B574938631B0A1BA704879020C696E514CFADAA7643CDE4BD5EB010BDE327B,506,0.000506,,,
osmosis,current,osmo1nr6m3gx4v9a0dj2vj7ff7xcgusar66cyx3frce,cosmos1nr6m3gx4v9a0dj2vj7ff7xcgusar66cyw26nwt,ibc/D3B574938631B0A1BA704879020C696E514CFADAA7643CDE4BD5EB010BDE327B,357,0.000357,,,
osmosis,current,osmo1nkasa5t0yl77qrgdhah7jxf9tl84870l63xuvk,cosmos1nkasa5t0yl77qrgdhah7jxf9tl84870lj24v6y,ibc/D3B574938631B0A1BA704879020C696E514CFADAA7643CDE4BD5EB010BDE327B,301,0.000301,,,
osmosis,current,osmo1ag5hk7tkw6kh6nnwglgeyrmd0aaeakz0tpnkhl,cosmos1ag5hk7tkw6kh6nnwglgeyrmd0aaeakz0r6qxpd,ibc/D3B574938631B0A1BA704879020C696E514CFADAA7643CDE4BD5EB010BDE327B,276,0.000276,,,
osmosis,current,osmo16w6a4cex0jf8cx7fp37tlxg9x92jendk0336y8,cosmos16w6a4cex0jf8cx7fp37tlxg9x92jendk82z2j4,ibc/D3B574938631B0A1BA704879020C696E514CFADAA7643CDE4BD5EB010BDE327B,185,0.000185,,,
osmosis,current,osmo1zvd87wavklzxpp4r78rnqndzw08wffgrt489q5,cosmos1zvd87wavklzxpp4r78rnqndzw08wffgrrw54kx,ibc/D3B574938631B0A1BA704879020C696E514CFADAA7643CDE4BD5EB010BDE327B,183,0.000183,,,
osmosis,current,osmo1vsmxamj76twdcz054d3fe027pw8cn2f5jvggcc,cosmos1vsmxamj76twdcz054d3fe027pw8cn2f56hmcw2,ibc/D3B574938631B0A1BA704879020C696E514CFADAA7643CDE4BD5EB010BDE327B,124,0.000124,,,
osmosis,current,osmo14uv3wltqgz0puwknzaxvugq2nxkrfrj6hw6842j9nfnh5k8tu9nsr7xsxk,cosmos14uv3wltqgz0puwknzaxvugq2nxkrfrj6hw6842j9nfnh5k8tu9nskr7g3s,ibc/D3B574938631B0A1BA704879020C696E514CFADAA7643CDE4BD5EB010BDE327B,83,0.000083,,,
osmosis,current,osmo12p60pq37ddu5nj3tmqa97hlrsr0k2lvnch2a0q32p0hfuwtqhdas0chx2w,cosmos12p60pq37ddu5nj3tmqa97hlrsr0k2lvnch2a0q32p0hfuwtqhdas6907ag,ibc/D3B574938631B0A1BA704879020C696E514CFADAA7643CDE4BD5EB010BDE327B,61,0.000061,,,
osmosis,current,osmo1updap2mqkfepyxvhxccsu7s288xmk4yylgms6x3dhqk5gwn4y65sppda5m,cosmos1updap2mqkfepyxvhxccsu7s288xmk4yylgms6x3dhqk5gwn4y65s5u49ra,ibc/D3B574938631B0A1BA704879020C696E514CFADAA7643CDE4BD5EB010BDE327B,25,0.000025,,,
osmosis,current,osmo1cwhcqp38tdhx8c2ywltrsyhed9kp4t0wht5ape,cosmos1cwhcqp38tdhx8c2ywltrsyhed9kp4t0wls8dht,ibc/D3B574938631B0A1BA704879020C696E514CFADAA7643CDE4BD5EB010BDE327B,23,0.000023,,,
osmosis,current,osmo1f8u7zlep2ksr5hz5u3tg44x5fzacdqdmljz673,cosmos1f8u7zlep2ksr5hz5u3tg44x5fzacdqdmhf32gr,ibc/D3B574938631B0A1BA704879020C696E514CFADAA7643CDE4BD5EB010BDE327B,23,0.000023,,,
osmosis,current,osmo1rh6ua96hvnh2muw6vlrz25nv2r0z5leah5qp3k,cosmos1rh6ua96hvnh2muw6vlrz25nv2r0z5leal0n38y,ibc/D3B574938631B0A1BA704879020C696E514CFADAA7643CDE4BD5EB010BDE327B,21,0.000021,,,
osmosis,current,osmo17mzd27jjzx6y6nm6g7hqdjm9swcdcudg3y3uxj,cosmos17mzd27jjzx6y6nm6g7hqdjm9swcdcudgelzvsq,ibc/D3B574938631B0A1BA704879020C696E514CFADAA7643CDE4BD5EB010BDE327B,20,0.000020,,,
osmosis,current,osmo1hm4k5y0ykmjlpm9j47uuedvrlml05mvxexz0lt,cosmos1hm4k5y0ykmjlpm9j47uuedvrlml05mvx3a3lfe,ibc/D3B574938631B0A1BA704879020C696E514CFADAA7643CDE4BD5EB010BDE327B,17,0.000017,,,
osmosis,current,osmo1f3xhl0gqmyhnu49c8k3j7fkdv75ug0xjtaqu09,cosmos1f3xhl0gqmyhnu49c8k3j7fkdv75ug0xjrxnveh,ibc/D3B574938631B0A1BA704879020C696E514CFADAA7643CDE4BD5EB010BDE327B,14,0.000014,,,
osmosis,current,osmo1lmtern6y5ul5ukwtwavngz3glalxeykcw9knpf357ha4878csd9s67y33p,cosmos1lmtern6y5ul5ukwtwavngz3glalxeykcw9knpf357ha4878csd9s0rufx8,ibc/D3B574938631B0A1BA704879020C696E514CFADAA7643CDE4BD5EB010BDE327B,11,0.000011,,,
osmosis,current,osmo15c824xdmfafvs87v72a53y4lgjcz4qxx0krfwa,cosmos15c824xdmfafvs87v72a53y4lgjcz4qxx8dsec0,ibc/D3B574938631B0A1BA704879020C696E514CFADAA7643CDE4BD5EB010BDE327B,10,0.000010,,,
osmosis,current,osmo1xz4kdpwygkf8pcqzpgjhefx858m9nq8v3pv9d9,cosmos1xz4kdpwygkf8pcqzpgjhefx858m9nq8ve6l4mh,ibc/D3B574938631B0A1BA704879020C696E514CFADAA7643CDE4BD5EB010BDE327B,7,0.000007,,,
osmosis,current,osmo12hpy8qkvx6pvselhu4dw8qze66rddcm780k5ft,cosmos12hpy8qkvx6pvselhu4dw8qze66rddcm7059yle,ibc/D3B574938631B0A1BA704879020C696E514CFADAA7643CDE4BD5EB010BDE327B,6,0.000006,,,
osmosis,current,osmo1zh5948hgzfahrtxs2em52l3vf8xufjag9kdd7j,cosmos1zh5948hgzfahrtxs2em52l3vf8xufjagdd7agq,ibc/D3B574938631B0A1BA704879020C696E514CFADAA7643CDE4BD5EB010BDE327B,6,0.000006,,,
osmosis,current,osmo1fvjdymkhg5ze02crqdynuxyq0r9dngye8fnrm2d59gcaef5ehlnqlk2yt0,cosmos1fvjdymkhg5ze02crqdynuxyq0r9dngye8fnrm2d59gcaef5ehlnq2tjuuf,ibc/D3B574938631B0A1BA704879020C696E514CFADAA7643CDE4BD5EB010BDE327B,3,0.000003,,,
osmosis,current,osmo1l0zae9n2dejpk6ays9v4zc8vqmtpnk8fekxnmd,cosmos1l0zae9n2dejpk6ays9v4zc8vqmtpnk8f3d4rdl,ibc/D3B574938631B0A1BA704879020C696E514CFADAA7643CDE4BD5EB010BDE327B,3,0.000003,,,
osmosis,current,osmo1lskdgq6pr32dwldrqpkn0q0zeulrjysds2vtuly4x5hfjjjlzsfsy99whq,cosmos1lskdgq6pr32dwldrqpkn0q0zeulrjysds2vtuly4x5hfjjjlzsfs3cakqx,ibc/D3B574938631B0A1BA704879020C696E514CFADAA7643CDE4BD5EB010BDE327B,3,0.000003,,,
osmosis,current,osmo15spsaq3tqusu5xd3u6jmtmpjh3h5lcmmwrmuav,cosmos15spsaq3tqusu5xd3u6jmtmpjh3h5lcmmxcgvt7,ibc/D3B574938631B0A1BA704879020C696E514CFADAA7643CDE4BD5EB010BDE327B,2,0.000002,,,
osmosis,current,osmo17k3jxwjtsd0ltj7lcgek5uhffvwjef2vn7m50d04769z9gpu4mws8havle,cosmos17k3jxwjtsd0ltj7lcgek5uhffvwjef2vn7m50d04769z9gpu4mwsj295gl,ibc/D3B574938631B0A1BA704879020C696E514CFADAA7643CDE4BD5EB010BDE327B,2,0.000002,,,
osmosis,current,osmo103n0x78hlqg0egzg2932ya9kcwaq9js485jfwm,cosmos103n0x78hlqg0egzg2932ya9kcwaq9js400pecf,ibc/D3B574938631B0A1BA704879020C696E514CFADAA7643CDE4BD5EB010BDE327B,1,0.000001,,,
osmosis,current,osmo10f08q4hruaca3ldx6x3nzwhccym7zarypmfkld,cosmos10f08q4hruaca3ldx6x3nzwhccym7zaryfq6xfl,ibc/D3B574938631B0A1BA704879020C696E514CFADAA7643CDE4BD5EB010BDE327B,1,0.000001,,,
osmosis,current,osmo10t2nxc7e4celpz07852npr6a76v8wffn2zsyex,cosmos10t2nxc7e4celpz07852npr6a76v8wffnzer505,ibc/D3B574938631B0A1BA704879020C696E514CFADAA7643CDE4BD5EB010BDE327B,1,0.000001,,,
osmosis,current,osmo124tztqwj5lkf434pq9jjcxykda2mn9648hyh30,cosmos124tztqwj5lkf434pq9jjcxykda2mn9640vh88a,ibc/D3B574938631B0A1BA704879020C696E514CFADAA7643CDE4BD5EB010BDE327B,1,0.000001,,,
osmosis,current,osmo12dkgjcaskwq8729hufanpwdkq5jfmltwhedugk,cosmos12dkgjcaskwq8729hufanpwdkq5jfmltwlz7v7y,ibc/D3B574938631B0A1BA704879020C696E514CFADAA7643CDE4BD5EB010BDE327B,1,0.000001,,,
osmosis,current,osmo13mzj95aqnj4mn99k5j7kvngl9d9xupp3jstag7,cosmos13mzj95aqnj4mn99k5j7kvngl9d9xupp36tcd7v,ibc/D3B574938631B0A1BA704879020C696E514CFADAA7643CDE4BD5EB010BDE327B,1,0.000001,,,
osmosis,current,osmo1590s6kxxcwcjnltgp4rmvy0kh0wu5a09nm3uv4,cosmos1590s6kxxcwcjnltgp4rmvy0kh0wu5a09mqzv68,ibc/D3B574938631B0A1BA704879020C696E514CFADAA7643CDE4BD5EB010BDE327B,1,0.000001,,,
osmosis,current,osmo159dp2sqwyfpv00znzxhxvr682ajnvmf2h9jcvs,cosmos159dp2sqwyfpv00znzxhxvr682ajnvmf2l7pg6z,ibc/D3B574938631B0A1BA704879020C696E514CFADAA7643CDE4BD5EB010BDE327B,1,0.000001,,,
osmosis,current,osmo15pyywydsdgyfwvls54xecucqhqlkk2xvg94hrr,cosmos15pyywydsdgyfwvls54xecucqhqlkk2xvq7x843,ibc/D3B574938631B0A1BA704879020C696E514CFADAA7643CDE4BD5EB010BDE327B,1,0.000001,,,
osmosis,current,osmo15xqtcn87vwskr25aj0g78fksfk2dpm8q0t2m8p,cosmos15xqtcn87vwskr25aj0g78fksfk2dpm8q8set3n,ibc/D3B574938631B0A1BA704879020C696E514CFADAA7643CDE4BD5EB010BDE327B,1,0.000001,,,
osmosis,current,osmo16n5we9kd3ewdp8ll0fgk8h2qnjzwtwz92e77jm,cosmos16n5we9kd3ewdp8ll0fgk8h2qnjzwtwz9zzdwyf,ibc/D3B574938631B0A1BA704879020C696E514CFADAA7643CDE4BD5EB010BDE327B,1,0.000001,,,
osmosis,current,osmo17y5uhr09dav5228qq4psqf8nmft5y6uzvfhpcw,cosmos17y5uhr09dav5228qq4psqf8nmft5y6uzyjy3wu,ibc/D3B574938631B0A1BA704879020C696E514CFADAA7643CDE4BD5EB010BDE327B,1,0.000001,,,
osmosis,current,osmo1a9u8yv5v0wu5atynlh33hm04l67y9e6x2px6gn,cosmos1a9u8yv5v0wu5atynlh33hm04l67y9e6xz6427p,ibc/D3B574938631B0A1BA704879020C696E514CFADAA7643CDE4BD5EB010BDE327B,1,0.000001,,,
osmosis,current,osmo1ajueefk0p3jxygxf0qqtkww537ltjgc4h6g2g8,cosmos1ajueefk0p3jxygxf0qqtkww537ltjgc4lpm674,ibc/D3B574938631B0A1BA704879020C696E514CFADAA7643CDE4BD5EB010BDE327B,1,0.000001,,,
osmosis,current,osmo1c6vxwveatlnrskprrwzhe2x5cu2g60prflrp7r,cosmos1c6vxwveatlnrskprrwzhe2x5cu2g60prpys3g3,ibc/D3B574938631B0A1BA704879020C696E514CFADAA7643CDE4BD5EB010BDE327B,1,0.000001,,,
osmosis,current,osmo1cnaeqxgr860qsf9ksfv2nyn4cpfq9esljfk2fg,cosmos1cnaeqxgr860qsf9ksfv2nyn4cpfq9esl6j96l6,ibc/D3B574938631B0A1BA704879020C696E514CFADAA7643CDE4BD5EB010BDE327B,1,0.000001,,,
osmosis,current,osmo1cx068fj9xwc2nxv8ec37mkpay3g0umlsst6lh9,cosmos1cx068fj9xwc2nxv8ec37mkpay3g0umlscsf0ph,ibc/D3B574938631B0A1BA704879020C696E514CFADAA7643CDE4BD5EB010BDE327B,1,0.000001,,,
osmosis,current,osmo1cxdhwfzpzxv7cyjpyac76pttg908hntlss93eh,cosmos1cxdhwfzpzxv7cyjpyac76pttg908hntlctkp09,ibc/D3B574938631B0A1BA704879020C696E514CFADAA7643CDE4BD5EB010BDE327B,1,0.000001,,,
osmosis,current,osmo1dnsxen4jfztaekglwu0ve0w00fsdjk7xlglxk2,cosmos1dnsxen4jfztaekglwu0ve0w00fsdjk7xhnvkqc,ibc/D3B574938631B0A1BA704879020C696E514CFADAA7643CDE4BD5EB010BDE327B,1,0.000001,,,
osmosis,current,osmo1dsrmhlhfgfzdlql4dzp53t30ymc6cqsf46sala,cosmos1dsrmhlhfgfzdlql4dzp53t30ymc6cqsfaprdf0,ibc/D3B574938631B0A1BA704879020C696E514CFADAA7643CDE4BD5EB010BDE327B,1,0.000001,,,
osmosis,current,osmo1edalue2smahddvdtzkf2ay7ptyjq3ya86tdn45,cosmos1edalue2smahddvdtzkf2ay7ptyjq3ya8js7rrx,ibc/D3B574938631B0A1BA704879020C696E514CFADAA7643CDE4BD5EB010BDE327B,1,0.000001,,,
osmosis,current,osmo1fq5twlmmmqhahjpy0h7sleskv4vldmdzvs55mg,cosmos1fq5twlmmmqhahjpy0h7sleskv4vldmdzyt8yd6,ibc/D3B574938631B0A1BA704879020C696E514CFADAA7643CDE4BD5EB010BDE327B,1,0.000001,,,
osmosis,current,osmo1gupdxknln4uxcwycweevkypjdahtyhj5x3wezy,cosmos1gupdxknln4uxcwycweevkypjdahtyhj5w2af5k,ibc/D3B574938631B0A1BA704879020C696E514CFADAA7643CDE4BD5EB010BDE327B,1,0.000001,,,
osmosis,current,osmo1h6sa9nh6v4nc6ged05naugdu8efsp22r55q75d,cosmos1h6sa9nh6v4nc6ged05naugdu8efsp22ru0nwzl,ibc/D3B574938631B0A1BA704879020C696E514CFADAA7643CDE4BD5EB010BDE327B,1,0.000001,,,
osmosis,current,osmo1h96k2naawk7geyxfh307ghah5t5a08m9nuzf8v,cosmos1h96k2naawk7geyxfh307ghah5t5a08m9m83e37,ibc/D3B574938631B0A1BA704879020C696E514CFADAA7643CDE4BD5EB010BDE327B,1,0.000001,,,
osmosis,current,osmo1hdkemyk4lgufqepez9duvn32qu8edpyxxvly8y,cosmos1hdkemyk4lgufqepez9duvn32qu8edpyxwhv53k,ibc/D3B574938631B0A1BA704879020C696E514CFADAA7643CDE4BD5EB010BDE327B,1,0.000001,,,
osmosis,current,osmo1hqgs5xwxskr9ar83her7q69099wtwu3xmj8f8c,cosmos1hqgs5xwxskr9ar83her7q69099wtwu3xnf5e32,ibc/D3B574938631B0A1BA704879020C696E514CFADAA7643CDE4BD5EB010BDE327B,1,0.000001,,,
osmosis,current,osmo1huxpsva8246avy2efnt8ctj72rsfq38awehd69,cosmos1huxpsva8246avy2efnt8ctj72rsfq38axzyavh,ibc/D3B574938631B0A1BA704879020C696E514CFADAA7643CDE4BD5EB010BDE327B,1,0.000001,,,
osmosis,current,osmo1j5ft99lyd36e5fyp8kh8ze7qcj00relm0md4k9,cosmos1j5ft99lyd36e5fyp8kh8ze7qcj00relm8q79qh,ibc/D3B574938631B0A1BA704879020C696E514CFADAA7643CDE4BD5EB010BDE327B,1,0.000001,,,
osmosis,current,osmo1jgnkjne6yf9u92e0al7qff2w2fpajxl6hd4rvu,cosmos1jgnkjne6yf9u92e0al7qff2w2fpajxl6lkxn6w,ibc/D3B574938631B0A1BA704879020C696E514CFADAA7643CDE4BD5EB010BDE327B,1,0.000001,,,
osmosis,current,osmo1jr6dhz3873yy0kv475f67hfdyes65979ccgy49,cosmos1jr6dhz3873yy0kv475f67hfdyes65979srm5rh,ibc/D3B574938631B0A1BA704879020C696E514CFADAA7643CDE4BD5EB010BDE327B,1,0.000001,,,
osmosis,current,osmo1kgfdzqlr69dtq067q2qkhy4h9dadhp8r0j5p3h,cosmos1kgfdzqlr69dtq067q2qkhy4h9dadhp8r8f8389,ibc/D3B574938631B0A1BA704879020C696E514CFADAA7643CDE4BD5EB010BDE327B,1,0.000001,,,
osmosis,current,osmo1lft50ldy04u3szywhg38cnfpxfg7r5487amng4,cosmos1lft50ldy04u3szywhg38cnfpxfg7r548kxgr78,ibc/D3B574938631B0A1BA704879020C696E514CFADAA7643CDE4BD5EB010BDE327B,1,0.000001,,,
osmosis,current,osmo1lgxuwetatu5nlu99curgeg3atvtsx7r9nqaae8,cosmos1lgxuwetatu5nlu99curgeg3atvtsx7r9mmwd04,ibc/D3B574938631B0A1BA704879020C696E514CFADAA7643CDE4BD5EB010BDE327B,1,0.000001,,,
osmosis,current,osmo1n4ddvs9car3x7p68q80yaatf27teah7tf9v04h,cosmos1n4ddvs9car3x7p68q80yaatf27teah7tp7llr9,ibc/D3B574938631B0A1BA704879020C696E514CFADAA7643CDE4BD5EB010BDE327B,1,0.000001,,,
osmosis,current,osmo1n9qr9k5uqn6wd50ca30kygpwglws0cc3yttx0w,cosmos1n9qr9k5uqn6wd50ca30kygpwglws0cc3vsckeu,ibc/D3B574938631B0A1BA704879020C696E514CFADAA7643CDE4BD5EB010BDE327B,1,0.000001,,,
osmosis,current,osmo1ncesahjuytjel7ffpkk2dnhg30ufpaptrn0nwz,cosmos1ncesahjuytjel7ffpkk2dnhg30ufpapttgurcs,ibc/D3B574938631B0A1BA704879020C696E514CFADAA7643CDE4BD5EB010BDE327B,1,0.000001,,,
osmosis,current,osmo1nnu3g3lnklge55tkays6kaszugrkrra7dyxhhv,cosmos1nnu3g3lnklge55tkays6kaszugrkrra79l48p7,ibc/D3B574938631B0A1BA704879020C696E514CFADAA7643CDE4BD5EB010BDE327B,1,0.000001,,,
osmosis,current,osmo1nvyqrve35fpzgrewnaxmyxsqtaq4dxvywkh2wj,cosmos1nvyqrve35fpzgrewnaxmyxsqtaq4dxvyxdy6cq,ibc/D3B574938631B0A1BA704879020C696E514CFADAA7643CDE4BD5EB010BDE327B,1,0.000001,,,
osmosis,current,osmo1ps6f67034fp22nqpvkur5pry039nfjpuyaaald,cosmos1ps6f67034fp22nqpvkur5pry039nfjpuvxwdfl,ibc/D3B574938631B0A1BA704879020C696E514CFADAA7643CDE4BD5EB010BDE327B,1,0.000001,,,
osmosis,current,osmo1qvxydz9v8a6jaa56h68unrstjrz6l9k3rvfc0z,cosmos1qvxydz9v8a6jaa56h68unrstjrz6l9k3th6ges,ibc/D3B574938631B0A1BA704879020C696E514CFADAA7643CDE4BD5EB010BDE327B,1,0.000001,,,
osmosis,current,osmo1rqyyttavvav6ghjn37uklutgz6a9z6ax753jqk,cosmos1rqyyttavvav6ghjn37uklutgz6a9z6axk0zzky,ibc/D3B574938631B0A1BA704879020C696E514CFADAA7643CDE4BD5EB010BDE327B,1,0.000001,,,
osmosis,current,osmo1s59n4nhfkfrqhxdmvmzpprga9dc3qhnkk82gwv,cosmos1s59n4nhfkfrqhxdmvmzpprga9dc3qhnk7uecc7,ibc/D3B574938631B0A1BA704879020C696E514CFADAA7643CDE4BD5EB010BDE327B,1,0.000001,,,
osmosis,current,osmo1su7kjdu77fm3n5htvs0tvunn7x3v3pc883hdzk,cosmos1su7kjdu77fm3n5htvs0tvunn7x3v3pc802ya5y,ibc/D3B574938631B0A1BA704879020C696E514CFADAA7643CDE4BD5EB010BDE327B,1,0.000001,,,
osmosis,current,osmo1t7t4ekh4ydmdpj2y9wdzcdzulu6w56hlm5q6gm,cosmos1t7t4ekh4ydmdpj2y9wdzcdzulu6w56hln0n27f,ibc/D3B574938631B0A1BA704879020C696E514CFADAA7643CDE4BD5EB010BDE327B,1,0.000001,,,
osmosis,current,osmo1ta8nyt27xuv856xslp504878etvndwqvhvsara,cosmos1ta8nyt27xuv856xslp504878etvndwqvlhrd40,ibc/D3B574938631B0A1BA704879020C696E514CFADAA7643CDE4BD5EB010BDE327B,1,0.000001,,,
osmosis,current,osmo1u0jky286q6dddht338fwufw5mcjfw4x4k74p2y,cosmos1u0jky286q6dddht338fwufw5mcjfw4x479x3uk,ibc/D3B574938631B0A1BA704879020C696E514CFADAA7643CDE4BD5EB010BDE327B,1,0.000001,,,
osmosis,current,osmo1vkdakqqg5htq5c3wy2kj2geq536q665xdexrtjuwqckpads2c2nsvhhcyv,cosmos1vkdakqqg5htq5c3wy2kj2geq536q665xdexrtjuwqckpads2c2nse20qn2,ibc/D3B574938631B0A1BA704879020C696E514CFADAA7643CDE4BD5EB010BDE327B,1,0.000001,,,
osmosis,current,osmo1x98ygyv2gpmahzdkq0eh7dp8428ztj93f27rqc,cosmos1x98ygyv2gpmahzdkq0eh7dp8428ztj93p3dnk2,ibc/D3B574938631B0A1BA704879020C696E514CFADAA7643CDE4BD5EB010BDE327B,1,0.000001,,,
osmosis,current,osmo1xskfs3ft2gvjkp095am0lq0m5k6sm5etdyuj8f,cosmos1xskfs3ft2gvjkp095am0lq0m5k6sm5et9l0z3m,ibc/D3B574938631B0A1BA704879020C696E514CFADAA7643CDE4BD5EB010BDE327B,1,0.000001,,,
osmosis,current,osmo1y8jsj7zjktaxd8nn9z6jal3rasm2e2szrd7zqg,cosmos1y8jsj7zjktaxd8nn9z6jal3rasm2e2sztkdjk6,ibc/D3B574938631B0A1BA704879020C696E514CFADAA7643CDE4BD5EB010BDE327B,1,0.000001,,,
osmosis,current,osmo1yc6qn26rwj8ndhdu7dpvvua432vmg77xu0c2za,cosmos1yc6qn26rwj8ndhdu7dpvvua432vmg77x55t650,ibc/D3B574938631B0A1BA704879020C696E514CFADAA7643CDE4BD5EB010BDE327B,1,0.000001,,,
osmosis,current,osmo1ysqtvq6lgzet63snuz78up4ghw0yln7rmfwmxd,cosmos1ysqtvq6lgzet63snuz78up4ghw0yln7rnjatsl,ibc/D3B574938631B0A1BA704879020C696E514CFADAA7643CDE4BD5EB010BDE327B,1,0.000001,,,
osmosis,current,osmo1z0zchsuqtxpetp54j7pl557fkf93ya3c567aup,cosmos1z0zchsuqtxpetp54j7pl557fkf93ya3cupdd2n,ibc/D3B574938631B0A1BA704879020C696E514CFADAA7643CDE4BD5EB010BDE327B,1,0.000001,,,
osmosis,current,osmo1z3z365lydry32xghj9m8gt62mvddl55gux7ypc,cosmos1z3z365lydry32xghj9m8gt62mvddl55g5ad5h2,ibc/D3B574938631B0A1BA704879020C696E514CFADAA7643CDE4BD5EB010BDE327B,1,0.000001,,,
osmosis,current,osmo1zpf8rkjxepapkt5tmlpl36a7cz03vydffx0457,cosmos1zpf8rkjxepapkt5tmlpl36a7cz03vydfpau9zv,ibc/D3B574938631B0A1BA704879020C696E514CFADAA7643CDE4BD5EB010BDE327B,1,0.000001,,,
